{"Centered Kernel Alignment": [0.963184654712677, 0.9805631041526794], "Loss": [0.013274312019348145, 0.0003834191884379834], "Training Accuracy": [0.0015791550977155566, 0.001026450889185071], "Validation Accuracy": [0.0018912529340013862, 0.0018912529340013862]}