{"Centered Kernel Alignment": [NaN, NaN], "Loss": [5.486880399985239e-05, 4.3692896724678576e-05], "Training Accuracy": [1.0, 1.0], "Validation Accuracy": [1.0, 1.0]}