{"Centered Kernel Alignment": [0.9206274747848511, 0.9005386233329773], "Loss": [0.0038029588758945465, 0.020372696220874786], "Training Accuracy": [0.008425196632742882, 0.005354330874979496], "Validation Accuracy": [0.006460544653236866, 0.00599907711148262]}