{"Centered Kernel Alignment": [0.030959801748394966, 0.038050517439842224], "Loss": [0.0034104199148714542, 0.0005335796158760786], "Training Accuracy": [0.5523665547370911, 0.47264182567596436], "Validation Accuracy": [0.559108555316925, 0.4728682041168213]}