{"Centered Kernel Alignment": [NaN, NaN], "Loss": [0.003054268192499876, 0.00035025348188355565], "Training Accuracy": [1.0, 1.0], "Validation Accuracy": [1.0, 1.0]}