{"Centered Kernel Alignment": [0.9024946689605713, 0.9394646883010864], "Loss": [0.0020902056712657213, 0.027120279148221016], "Training Accuracy": [0.012926449999213219, 0.018407920375466347], "Validation Accuracy": [0.021359223872423172, 0.02766990289092064]}