{"Centered Kernel Alignment": [0.040378596633672714, 0.0440518818795681], "Loss": [0.0003314415807835758, 7.431436097249389e-05], "Training Accuracy": [1.0, 1.0], "Validation Accuracy": [1.0, 1.0]}