{"Centered Kernel Alignment": [0.04165235906839371, 0.04515810310840607], "Loss": [0.003365579294040799, 0.002185181714594364], "Training Accuracy": [0.6674072742462158, 0.5987010598182678], "Validation Accuracy": [0.6642710566520691, 0.6016427278518677]}