{"Centered Kernel Alignment": [0.03172660246491432, 0.03667273744940758], "Loss": [0.0017136497190222144, 0.00041086168494075537], "Training Accuracy": [1.0, 1.0], "Validation Accuracy": [1.0, 1.0]}