{"Centered Kernel Alignment": [0.6152350306510925, 0.616117000579834, 0.6177448034286499], "Loss": [0.006657829508185387, 0.004391801077872515, 0.002605131594464183], "Training Accuracy": [0.5308661460876465, 0.5308661460876465, 0.5308661460876465], "Validation Accuracy": [0.5237655639648438, 0.5237655639648438, 0.5237655639648438]}