{"Centered Kernel Alignment": [0.6302160024642944, 0.6508646607398987, 0.6583958268165588], "Loss": [0.06534695625305176, 0.06467200070619583, 0.060004834085702896], "Training Accuracy": [0.9646567702293396, 0.9702200889587402, 0.9722654223442078], "Validation Accuracy": [0.9563106894493103, 0.9645631313323975, 0.9650485515594482]}