{"Centered Kernel Alignment": [0.5955747365951538, 0.5977751016616821, 0.5971786975860596], "Loss": [0.021381892263889313, 0.03793468326330185, 0.05431897193193436], "Training Accuracy": [0.9791377186775208, 0.9823284149169922, 0.9853554964065552], "Validation Accuracy": [0.9737864136695862, 0.9747572541236877, 0.9771844744682312]}