{"Centered Kernel Alignment": [NaN, NaN], "Loss": [0.0004040132916998118, 0.0007295444956980646], "Training Accuracy": [0.40840789675712585, 0.5424615740776062], "Validation Accuracy": [0.4000000059604645, 0.5173469185829163]}