{"Centered Kernel Alignment": [0.9635120630264282, 0.9832568168640137], "Training Accuracy": [0.9984208345413208, 0.9988945722579956], "Validation Accuracy": [0.9976359605789185, 0.9995272159576416]}