{"Centered Kernel Alignment": [0.9077290892601013, 0.9307160973548889], "Loss": [0.002757703885436058, 0.013021868653595448], "Training Accuracy": [0.9874008297920227, 0.9889552593231201], "Validation Accuracy": [0.9805825352668762, 0.9825242757797241]}