{"Centered Kernel Alignment": [-0.04012279212474823, -0.03861977905035019], "Loss": [0.003121156245470047, 0.000336163560859859], "Training Accuracy": [1.0, 1.0], "Validation Accuracy": [1.0, 1.0]}