{"Centered Kernel Alignment": [NaN, NaN], "Loss": [0.0012774899369105697, 0.00041036505717784166], "Training Accuracy": [0.7494009137153625, 0.31889763474464417], "Validation Accuracy": [0.7393075227737427, 0.29429733753204346]}