{"Centered Kernel Alignment": [-0.023473385721445084, -0.03762538358569145], "Loss": [0.001901006093248725, 0.0005242506740614772], "Training Accuracy": [0.5214599370956421, 0.5420750379562378], "Validation Accuracy": [0.5167014598846436, 0.5542797446250916]}