{"Hyper Parameters": ["main.py", "27", "200", "3", "100", "0.1", "0.001"], "Centered Kernel Alignment": [0.5080649256706238, 0.5538849234580994, 0.5668051838874817], "Loss": [0.040696967393159866, 0.05233515799045563, 0.041740782558918], "Training Accuracy": [0.9604025483131409, 0.9689110517501831, 0.9694019556045532], "Validation Accuracy": [0.951941728591919, 0.9616504907608032, 0.9626213312149048]}