{"Hyper Parameters": ["main.py", "27", "200", "1", "100", "0.1", "0.001"], "Centered Kernel Alignment": [0.5452620983123779], "Loss": [0.039976637810468674], "Training Accuracy": [0.9581117630004883], "Validation Accuracy": [0.9529126286506653]}