{"Hyper Parameters": ["main.py", "27", "200", "1", "100", "0.1", "0.001"], "Centered Kernel Alignment": [0.6080600619316101], "Loss": [0.07884402573108673], "Training Accuracy": [0.9607297778129578], "Validation Accuracy": [0.9563106894493103]}