{"Centered Kernel Alignment": [0.8690470457077026, 0.852957546710968, 0.8371310830116272, 0.8154776096343994, 0.8037575483322144, 0.8056548237800598, 0.8087254762649536, 0.8053957223892212, 0.8105641007423401, 0.8012574911117554], "Training Accuracy": [0.9896097779273987, 0.9910823702812195, 0.9933731555938721, 0.9944367408752441, 0.9946821331977844, 0.9951730370521545, 0.9963183999061584, 0.9963183999061584, 0.9964002370834351, 0.9957457184791565], "Validation Accuracy": [0.981067955493927, 0.9849514365196228, 0.987864077091217, 0.9883494973182678, 0.9917475581169128, 0.9888349771499634, 0.9907767176628113, 0.9893203973770142, 0.9907767176628113, 0.9907767176628113]}